Plan Name,Date Added,Suggested By,Url
Habitat Management Plan - Baldwin County Meadows Property,12/11/2017,Jeniffer Roberts,na
THE MOBILE PENINSULA - CORRIDOR MASTER PLAN,12/11/2017,Jeniffer Roberts,na
Management Plan for the - Audubon Bird Sanctuary,12/11/2017,Jeniffer Roberts,na
Apalachee Region Comprehensive Economic Development Strategy,2/27/2018,FL Fish and Wildlife Conservation Commission,http://www.nado.org/wp-content/uploads/2014/08/FL-Apalachee-Regional-Planning-Council-2013-2017.pdf#
Fishery Management Plan for Spanish Mackerel ,2/27/2018,FL Fish and Wildlife Conservation Commission,http://sedarweb.org/docs/wsupp/S17RD03 ASMFC 1990 Spanish Mackerel FMP 1990.pdf#
Annual Progress Report on the Outer Continental Shelf (OCS) Oil and Gas Leasing Program 2012–2017,2/27/2018,FL Fish and Wildlife Conservation Commission,http://www.boem.gov/2014-Annual-Progress-Report-on-the-2012-2017-Five-Year-Program/#
Deepwater Horizon Oil Spill Natural Resource Damage Assessment Strategic Framework for Bird Restoration Activities,2/27/2018,FL Fish and Wildlife Conservation Commission,http://www.gulfspillrestoration.noaa.gov/restoration-areas/regionwide#
Deepwater Horizon Oil Spill Natural Resource Damage Assessment Strategic Framework for Marine Mammal Restoration Activities,2/27/2018,FL Fish and Wildlife Conservation Commission,http://www.gulfspillrestoration.noaa.gov/restoration-areas/regionwide#
Deepwater Horizon Oil Spill Natural Resource Damage Assessment Strategic Framework for Oyster Restoration Activities,2/27/2018,FL Fish and Wildlife Conservation Commission,http://www.gulfspillrestoration.noaa.gov/restoration-areas/regionwide#
Deepwater Horizon Oil Spill Natural Resource Damage Assessment Strategic Framework for Sea Turtle Restoration Activities,2/27/2018,FL Fish and Wildlife Conservation Commission,http://www.gulfspillrestoration.noaa.gov/restoration-areas/regionwide#
Deepwater Horizon Oil Spill: Final Programmatic Damage Assessment and Restoration Plan and Final Programmatic Environmental Impact Statement,2/27/2018,FL Fish and Wildlife Conservation Commission,http://www.gulfspillrestoration.noaa.gov/sites/default/files/wp-content/uploads/Chapter-5_Restoring-Natural-Resources_508.pdf#
Ducks Unlimited International Conservation Plan,2/27/2018,FL Fish and Wildlife Conservation Commission,http://www.ducks.org/media/Conservation/Conservation Plan/_documents/a_ICP2004 final 8.05.pdf#
Alligator Harbor Aquatic Preserve Management Plan,2/27/2018,FL Fish and Wildlife Conservation Commission,https://www.gpo.gov/fdsys/pkg/CZIC-qh91-75-f6-a55-1986/pdf/CZIC-qh91-75-f6-a55-1986.pdf#
Big Bend Seagrasses Aquatic Preserve Management Plan,2/27/2018,FL Fish and Wildlife Conservation Commission,http://publicfiles.dep.state.fl.us/CAMA/plans/aquatic/Big_Bend_Seagrasses_Aquatic_Preserve_Management_Plan.pdf#
"Charlotte Harbor Aquatic Preserves Management Plan - Including Cape Haze, Gasparilla Sound-Charlotte Harbor, Lemon Bay, Matlacha Pass, and Pine Island Sound Aquatic Preserves",2/27/2018,FL Fish and Wildlife Conservation Commission,http://publicfiles.dep.state.fl.us/CAMA/plans/aquatic/chap_management_plan.pdf#
Cockroach Bay Aquatic Preserve Management Plan,2/27/2018,FL Fish and Wildlife Conservation Commission,http://publicfiles.dep.state.fl.us/CAMA/plans/aquatic/Cockroach_Bay_Aquatic_Preserve_Management_Plan.pdf#
Coupon Bight Aquatic Preserve Management Plan,2/27/2018,FL Fish and Wildlife Conservation Commission,http://publicfiles.dep.state.fl.us/CAMA/plans/aquatic/CouponBight.pdf#
Estero Bay Aquatic Preserve Management Plan,2/27/2018,FL Fish and Wildlife Conservation Commission,http://publicfiles.dep.state.fl.us/cama/plans/aquatic/Estero_Bay_Aquatic_Preserve_Management_Plan_2014.pdf#
Ft. Pickens Aquatic Preserve Management Plan,2/27/2018,FL Fish and Wildlife Conservation Commission,http://publicfiles.dep.state.fl.us/CAMA/plans/aquatic/FtPickens.pdf#
Lemon Bay Aquatic Preserve Management Plan,2/27/2018,FL Fish and Wildlife Conservation Commission,http://www.sarasota.wateratlas.usf.edu/upload/documents/Lemon Bay Aquatic Preserve Mgt Plan DNR 1992.pdf#
Lignumvitae Key Aquatic Preserve Management Plan,2/27/2018,FL Fish and Wildlife Conservation Commission,http://publicfiles.dep.state.fl.us/CAMA/plans/aquatic/LignumvitaeKey.pdf#
Pinellas County Island Management Plan,2/27/2018,FL Fish and Wildlife Conservation Commission,https://www.dep.state.fl.us/coastal/sites/pinellas/pub/Pinellas_County_Island_Management_Plan_2002.pdf#
Rocky Bayou Aquatic Preserve Management Plan,2/27/2018,FL Fish and Wildlife Conservation Commission,http://publicfiles.dep.state.fl.us/CAMA/plans/aquatic/RockyBayou.pdf#
St. Andrews State Park Aquatic Preserve Management Plan,2/27/2018,FL Fish and Wildlife Conservation Commission,http://publicfiles.dep.state.fl.us/CAMA/plans/aquatic/St_Andrews_Aquatic_Preserve_Management_Plan.pdf#
St. Joseph Bay Aquatic Preserve Management Plan,2/27/2018,FL Fish and Wildlife Conservation Commission,https://www.dep.state.fl.us/coastal/sites/stjoseph/pub/StJosephBay_2008.pdf#
St. Martins Marsh Aquatic Preserve Management Plan,2/27/2018,FL Fish and Wildlife Conservation Commission,http://publicfiles.dep.state.fl.us/CAMA/plans/aquatic/St_Martins_Marsh_Aquatic_Preserve_Management_Plan.pdf#
Terra Ceia Aquatic Preserve Management Plan,2/27/2018,FL Fish and Wildlife Conservation Commission,http://www.dep.state.fl.us/coastal/sites/terraceia/pub/TerraCeia_Plan_2009.pdf#
Yellow River Marsh Aquatic Preserve Management Plan,2/27/2018,FL Fish and Wildlife Conservation Commission,http://publicfiles.dep.state.fl.us/CAMA/plans/aquatic/Yellow_River_Marsh_Aquatic_Preserve_Management_Plan.pdf#
Basin Management Action Plan for the Implementation of Total Maximum Daily Loads for Fecal Coliform Adopted by the Florida Department of Environmental Protection in Bayou Chico (Pensacola Basin),2/27/2018,FL Fish and Wildlife Conservation Commission,http://www.dep.state.fl.us/water/watersheds/docs/bmap/bayou-chico-bmap.pdf#
"Final 2009 Hillsborough River Basin Management Action Plan for the Implementation of Total Maximum Daily Loads Adopted by the Florida Department of Environmental Protection in the Hillsborough River Basin for Fecal Coliform Bacteria 
",2/27/2018,FL Fish and Wildlife Conservation Commission,http://www.dep.state.fl.us/water/watersheds/docs/bmap/hillsb_bmap_adopted.pdf#
Final Basin Management Action Plan for the Implementation of Total Daily Maximum Loads for Dissolved Oxygen Adopted by the Florida Department of Environmental Protection in the Everglades West Coast Basin,2/27/2018,FL Fish and Wildlife Conservation Commission,http://www.dep.state.fl.us/water/watersheds/docs/bmap/ewc-bmap-final-nov12.pdf#
Final Basin Management Action Plan for the Implementation of Total Maximum Daily Loads for Nutrients Adopted by the Florida Department of Environmental Protection in the Caloosahatchee Estuary Basin ,2/27/2018,FL Fish and Wildlife Conservation Commission,http://www.dep.state.fl.us/water/watersheds/docs/bmap/caloosa-estuary-bmap-final-nov12.pdf#
2013 Progress Report for the Caloosahatchee Estuary Basin Management Action Plan ,2/27/2018,FL Fish and Wildlife Conservation Commission,https://www.dep.state.fl.us/water/watersheds/docs/bmap/caloosa-estuary-bmap-apr2013.pdf#
2013 Progress Report for the Everglades West Coast Basin Management Action Plan ,2/27/2018,FL Fish and Wildlife Conservation Commission,https://www.dep.state.fl.us/water/watersheds/docs/bmap/ewc-bmap-apr-2013.pdf#
2013 Progress Report for the Hillsborough River Basin Management Action Plan ,2/27/2018,FL Fish and Wildlife Conservation Commission,https://www.dep.state.fl.us/water/watersheds/docs/bmap/hillsb-river-bmap-apr-2013.pdf#
Scarring of Florida’s Seagrasses: Assessment and Management Options,2/27/2018,FL Fish and Wildlife Conservation Commission,http://floridakeys.noaa.gov/review/documents/swscarring.pdf#
Doctors Pass Inlet Management Study Implementation Plan,2/27/2018,FL Fish and Wildlife Conservation Commission,http://www.dep.state.fl.us/beaches/publications/pdf/IMPlans/doc_pass.pdf#
East Pass Inlet Management Study Implementation Plan,2/27/2018,FL Fish and Wildlife Conservation Commission,http://www.dep.state.fl.us/beaches/publications/pdf/IMPlans/EastPassInletMgmtPlan.pdf#
Venice Inlet Management Plan,2/27/2018,FL Fish and Wildlife Conservation Commission,http://www.dep.state.fl.us/beaches/publications/pdf/IMPlans/venice.pdf#
Apalachicola National Estuarine Research Reserve Management Plan,2/27/2018,FL Fish and Wildlife Conservation Commission,http://www.dep.state.fl.us/coastal/sites/apalachicola/pub/ANERR_Management_Plan.pdf#
Rookery Bay National Estuarine Research Reserve Management Plan,2/27/2018,FL Fish and Wildlife Conservation Commission,http://publicfiles.dep.state.fl.us/cama/plans/aquatic/Rookery_Bay_NERR_Management_Plan.pdf#
Anclote Key Preserve State Park Approved Unit Management Plan,2/27/2018,FL Fish and Wildlife Conservation Commission,http://www.dep.state.fl.us/parks/planning/parkplans/AncloteKeyPreserveStatePark.pdf#
"Bahia Honda State Park Unit Management Plan, Approved Plan",2/27/2018,FL Fish and Wildlife Conservation Commission,http://www.dep.state.fl.us/parks/planning/parkplans/BahiaHondaStatePark.pdf#
"Bald Point State Park Unit Management Plan, Approved",2/27/2018,FL Fish and Wildlife Conservation Commission,http://www.dep.state.fl.us/parks/planning/parkplans/BaldPointStatePark.pdf#
"Big Lagoon State Park Unit Management Plan, Approved",2/27/2018,FL Fish and Wildlife Conservation Commission,http://www.dep.state.fl.us/parks/planning/parkplans/BigLagoonStatePark.pdf#
"Caladesi Island State Park Unit Management Plan, Approved",2/27/2018,FL Fish and Wildlife Conservation Commission,http://www.dep.state.fl.us/parks/planning/parkplans/CaladesiIslandStatePark.pdf#
Camp Helen State Park Approved Unit Management Plan,2/27/2018,FL Fish and Wildlife Conservation Commission,http://www.dep.state.fl.us/parks/planning/parkplans/CampHelenStatePark.pdf#
"Cayo Costa State Park Unit Management Plan, Approved",2/27/2018,FL Fish and Wildlife Conservation Commission,http://www.dep.state.fl.us/parks/planning/parkplans/CayoCostaStatePark.pdf#
Cedar Key Museum State Park Approved Unit Management Plan,2/27/2018,FL Fish and Wildlife Conservation Commission,http://www.dep.state.fl.us/parks/planning/parkplans/CedarKeyMuseumStatePark.pdf#
"Cedar Key Scrub State Reserve Unit Management Plan, Approved",2/27/2018,FL Fish and Wildlife Conservation Commission,http://www.dep.state.fl.us/parks/planning/parkplans/CedarKeyScrubStateReserve.pdf#
"Charlotte Harbor Preserve State Park Unit Management Plan, Approved Plan",2/27/2018,FL Fish and Wildlife Conservation Commission,https://www.dep.state.fl.us/parks/planning/parkplans/CharlotteHarborPreserveStatePark.pdf#
Cockroach Bay Preserve State Park Approved Unit Management Plan,2/27/2018,FL Fish and Wildlife Conservation Commission,http://www.dep.state.fl.us/parks/planning/parkplans/CockroachBayPreserveStatePark.pdf#
"Collier-Seminole State Park Unit Management Plan, Approved",2/27/2018,FL Fish and Wildlife Conservation Commission,http://dep.state.fl.us/parks/planning/parkplans/CollierSeminoleStatePark.pdf#
"Crystal River Preserve State Park Unit Management Plan, Approved",2/27/2018,FL Fish and Wildlife Conservation Commission,http://www.dep.state.fl.us/parks/planning/parkplans/CrystalRiverPreserveStatePark.pdf#
Curry Hammock State Park Approved Unit Management Plan,2/27/2018,FL Fish and Wildlife Conservation Commission,http://www.dep.state.fl.us/parks/planning/parkplans/CurryHammockStatePark.pdf#
"Dagny Johnson Key Largo Hammock Botanical State Park Unit Management Plan, Approved",2/27/2018,FL Fish and Wildlife Conservation Commission,http://www.dep.state.fl.us/parks/planning/parkplans/DagnyJohnsonKeyLargoHammockStatePark.pdf#
"Deer Lake State Park Unit Management Plan, Approved",2/27/2018,FL Fish and Wildlife Conservation Commission,http://www.dep.state.fl.us/parks/planning/parkplans/DeerLakeStatePark.pdf#
"Delnor-Wiggins Pass State Park  Unit Management Plan, Approved",2/27/2018,FL Fish and Wildlife Conservation Commission,http://www.dep.state.fl.us/parks/planning/parkplans/Delnor-WigginsPassStateRecreationArea.pdf#
"Don Pedro Island State Park Unit Management Plan, Approved",2/27/2018,FL Fish and Wildlife Conservation Commission,http://www.dep.state.fl.us/parks/planning/parkplans/DonPedroIslandStatePark.pdf#
Dr. Julian G. Bruce St. George Island State Park Approved Unit Management Plan,2/27/2018,FL Fish and Wildlife Conservation Commission,http://www.dep.state.fl.us/parks/planning/parkplans/StGeorgeIslandStatePark.pdf#
"Econfina River State Park Unit Management Plan, Approved",2/27/2018,FL Fish and Wildlife Conservation Commission,http://www.dep.state.fl.us/parks/planning/parkplans/EconfinaRiverStatePark.pdf#
"Estero Bay Preserve State Park Unit Management Plan, Approved",2/27/2018,FL Fish and Wildlife Conservation Commission,http://www.dep.state.fl.us/parks/planning/parkplans/EsteroBayPreserveStatePark.pdf#
"Fort Zachary Taylor Historic State Park Unit Management Plan, Approved",2/27/2018,FL Fish and Wildlife Conservation Commission,http://www.dep.state.fl.us/parks/planning/parkplans/FortZacharyTaylor.pdf#
"Fred Gannon Rocky Bayou State Park Unit Management Plan, Approved",2/27/2018,FL Fish and Wildlife Conservation Commission,http://www.dep.state.fl.us/parks/planning/parkplans/FredGannonRockyBayouStateRecreationArea.pdf#
Gasparilla Island State Park Approved Unit Management Plan,2/27/2018,FL Fish and Wildlife Conservation Commission,http://www.dep.state.fl.us/parks/planning/parkplans/GasparillaIslandStatePark.pdf#
Grayton Beach State Park Approved Unit Management Plan,2/27/2018,FL Fish and Wildlife Conservation Commission,http://www.dep.state.fl.us/parks/planning/parkplans/GraytonBeachStatePark.pdf#
Henderson Beach State Park Approved Unit Management Plan,2/27/2018,FL Fish and Wildlife Conservation Commission,http://www.dep.state.fl.us/parks/planning/parkplans/HendersonBeachStatePark.pdf#
"Honeymoon Island State Park Unit Management Plan, Approved",2/27/2018,FL Fish and Wildlife Conservation Commission,https://www.dep.state.fl.us/parks/planning/parkplans/HoneymoonIslandStatePark.pdf#
Indian Key Historic State Park Approved Unit Management Plan,2/27/2018,FL Fish and Wildlife Conservation Commission,http://www.dep.state.fl.us/parks/planning/parkplans/IndianKeyHistoricStatePark.pdf#
John Pennekamp Coral Reef State Park Approved Management Plan,2/27/2018,FL Fish and Wildlife Conservation Commission,http://www.dep.state.fl.us/parks/planning/parkplans/JohnPennekampCoralReefStatePark.pdf#
Lignumvitae Key Botanical State Park Approved Unit Management Plan,2/27/2018,FL Fish and Wildlife Conservation Commission,http://www.dep.state.fl.us/parks/planning/parkplans/LignumvitaeKeyBotanicalStatePark.pdf#
Long Key State Park Unit Management Plan,2/27/2018,FL Fish and Wildlife Conservation Commission,http://www.dep.state.fl.us/parks/planning/parkplans/LongKeyStatePark.pdf#
"Mound Key Archaeological State Park Unit Management Plan, Approved",2/27/2018,FL Fish and Wildlife Conservation Commission,http://dep.state.fl.us/parks/planning/parkplans/MoundKeyArchaeologicalStatePark.pdf#
"Ochlockonee River State Park Management Plan, Approved",2/27/2018,FL Fish and Wildlife Conservation Commission,http://www.dep.state.fl.us/parks/planning/parkplans/OchlockoneeRiverStatePark.pdf#
"Perdido Key State Park Unit Management Plan, Approved",2/27/2018,FL Fish and Wildlife Conservation Commission,http://www.dep.state.fl.us/parks/planning/parkplans/PerdidoKeyStatePark.pdf#
San Marcos de Apalache Historic State Park Approved Unit Management Plan,2/27/2018,FL Fish and Wildlife Conservation Commission,http://www.dep.state.fl.us/parks/planning/parkplans/SanMarcosdeApalacheHistoricStatePark.pdf#
San Pedro Underwater Archaeological Preserve State Park Approved Unit Management Plan,2/27/2018,FL Fish and Wildlife Conservation Commission,http://www.dep.state.fl.us/parks/planning/parkplans/SanPedroUnderwaterArchaeologicalPreserveStatePark.pdf#
"Skyway Fishing Piers State Park Unit Management Plan, Approved",2/27/2018,FL Fish and Wildlife Conservation Commission,http://www.dep.state.fl.us/parks/planning/parkplans/SkywayFishingPierStatePark.pdf#
St. Andrews State Park Approved Unit Management Plan,2/27/2018,FL Fish and Wildlife Conservation Commission,http://www.dep.state.fl.us/parks/planning/parkplans/StAndrewsStatePark.pdf#
"Stump Pass State Park Unit Management Plan, Approved",2/27/2018,FL Fish and Wildlife Conservation Commission,http://www.dep.state.fl.us/parks/planning/parkplans/StumpPassBeachStatePark.pdf#
T.H. Stone Memorial St. Joseph Peninsula State Park Approved Unit Management Plan,2/27/2018,FL Fish and Wildlife Conservation Commission,http://www.dep.state.fl.us/parks/planning/parkplans/StJosephPeninsulaStatePark.pdf#
Tarkiln Bayou Preserve State Park Unit Management Plan: Approved,2/27/2018,FL Fish and Wildlife Conservation Commission,http://www.dep.state.fl.us/parks/planning/parkplans/TarkilnBayouPreserveStatePark.pdf#
Terra Ceia Preserve State Park Approved Unit Management Plan,2/27/2018,FL Fish and Wildlife Conservation Commission,https://www.dep.state.fl.us/parks/planning/parkplans/TerraCeiaPreserveStatepark.pdf#
Topsail Hill Preserve State Park Unit Management Plan: Approved,2/27/2018,FL Fish and Wildlife Conservation Commission,http://www.dep.state.fl.us/parks/planning/parkplans/TopsailHillPreserveStatePark.pdf#
Waccasassa Bay Preserve State Park Unit Management Plan: Approved,2/27/2018,FL Fish and Wildlife Conservation Commission,http://www.dep.state.fl.us/parks/planning/parkplans/WaccasassaBayPreserveStatePark.pdf#
Werner-Boyce Salt Springs State Park Approved Unit Management Plan,2/27/2018,FL Fish and Wildlife Conservation Commission,http://www.dep.state.fl.us/parks/planning/parkplans/WernerBoyceSaltSpringsStatePark.pdf#
Windley Key Fossil Reef Geological State Park Approved Unit Management Plan,2/27/2018,FL Fish and Wildlife Conservation Commission,http://www.dep.state.fl.us/parks/planning/parkplans/WindleyKeyFossilReefGeologicalStatePark.pdf#
Yellow River Marsh Preserve State Park Unit Management Plan: Approved,2/27/2018,FL Fish and Wildlife Conservation Commission,https://www.dep.state.fl.us/parks/planning/parkplans/YellowRiverMarshPreserveStatePark.pdf#
Marjorie Harris Carr Cross Florida Greenway Management Plan,2/27/2018,FL Fish and Wildlife Conservation Commission,http://atfiles.org/files/pdf/CrossFLgreenwayMgmtPlan.pdf#
ARC Recommended 2015 Florida Forever Priority List,2/27/2018,FL Fish and Wildlife Conservation Commission,https://depnewsroom.files.wordpress.com/2014/12/arc-recommended-2015-florida-forever-priority-list.pdf#
Critically Eroded Beaches in Florida,2/27/2018,FL Fish and Wildlife Conservation Commission,https://www.dep.state.fl.us/beaches/publications/pdf/CriticalErosionReport.pdf#
Final Assessment and Strategies FY 2016 – FY 2020 Section 309 of the Coastal Zone Management Act,2/27/2018,FL Fish and Wildlife Conservation Commission,http://www.dep.state.fl.us/cmp/publications/FCMP_FY2016-20 Section_309_AS_FINAL_2015-12-15.pdf#
Florida Assessment of Coastal Trends,2/27/2018,FL Fish and Wildlife Conservation Commission,https://www.dep.state.fl.us/cmp/publications/FACT_2010/REV_FACT_AUG_2012/2010_FACT_AUG30(2).pdf#
Florida Coastal Office Gulf Priority Projects Plan 2016,2/27/2018,FL Fish and Wildlife Conservation Commission,na
Florida Forever Five Year Plan,2/27/2018,FL Fish and Wildlife Conservation Commission,http://www.dep.state.fl.us/lands/FFAnnual/FF_2015/April2015_FF_Reports.pdf#
Florida Marine Debris Reduction Guidance Plan,2/27/2018,FL Fish and Wildlife Conservation Commission,http://www.dep.state.fl.us/cmp/publications/FL_Marine_Debris_Reduction_Plan_2017.pdf#
Outdoor Recreation in Florida 2013: Florida's Statewide Comprehensive Outdoor Recreation Plan,2/27/2018,FL Fish and Wildlife Conservation Commission,http://www.dep.state.fl.us/parks/outdoor/scorp.htm#
State of the Coast Report,2/27/2018,FL Fish and Wildlife Conservation Commission,https://www.dep.state.fl.us/cmp/publications/coast_report.pdf#
Statewide Comprehensive Verified List of Impaired Waters (updated annually),2/27/2018,FL Fish and Wildlife Conservation Commission,http://www.dep.state.fl.us/water/watersheds/assessment/a-lists.htm#
Strategic Beach Management Plan­- Introduction,2/27/2018,FL Fish and Wildlife Conservation Commission,http://www.dep.state.fl.us/beaches/publications/pdf/SBMP/SBMP-Introduction.pdf#
The Florida Beaches Habitat Conservation Plan: A Brochure,2/27/2018,FL Fish and Wildlife Conservation Commission,https://www.dep.state.fl.us/beaches/publications/pdf/HCPBrochure09.pdf#
Florida Keys Overseas Heritage Trail Master Plan,2/27/2018,FL Fish and Wildlife Conservation Commission,http://www.dep.state.fl.us/gwt/state/keystrail/pdf/FKOHT_masterplan.pdf#
State of Florida Conservation Plan for Gulf Sturgeon (Acipenser oxyrinchus desotoi),2/27/2018,FL Fish and Wildlife Conservation Commission,http://aquaticcommons.org/119/1/TR8.pdf#
Wildlife Habitat Conservation Needs in Florida Updated Recommendations for Strategic Habitat Conservation Areas,2/27/2018,FL Fish and Wildlife Conservation Commission,http://myfwc.com/media/1205682/TR15.pdf#
"A Regional Assessment of Florida Manatees (Trichechus manatus latirostris) and the Caloosahatchee River, Florida",2/27/2018,FL Fish and Wildlife Conservation Commission,http://aquaticcommons.org/121/1/TR10_c.pdf#
"A Review of the Biology and Management of Horseshoe Crabs, with Emphasis on Florida Populations",2/27/2018,FL Fish and Wildlife Conservation Commission,http://aquaticcommons.org/123/1/TR12.pdf#
Northwest Regional Assessment,2/27/2018,FL Fish and Wildlife Conservation Commission,na
"A Species Action Plan for Imperiled Beach-Nesting Birds: American oystercatcher (Haematopus palliatus), Snowy plover (Charadrius nivosus), Least tern (Sternula antillarum), Black skimmer (Rynchops niger) ",2/27/2018,FL Fish and Wildlife Conservation Commission,http://myfwc.com/media/2720106/Imperiled-Beach-Nesting-Birds-Species-Action-Plan-Final-Draft.pdf#
A Species Action Plan for the Brown Pelican (Pelecanus occidentalis),2/27/2018,FL Fish and Wildlife Conservation Commission,http://myfwc.com/media/2720094/Brown-Pelican-Species-Action-Plan-Final-Draft.pdf#
A Species Action Plan for the Key Silverside (Menidia conchorum),2/27/2018,FL Fish and Wildlife Conservation Commission,http://www.myfwc.com/media/2718852/Key-Silverside-Species-Action-Plan-Final-Draft.pdf#
A Species Action Plan for the Mangrove Rivulus (Kryptolebias marmoratus),2/27/2018,FL Fish and Wildlife Conservation Commission,http://myfwc.com/media/2720112/Mangrove-Rivulus-Species-Action-Plan-Final-Draft.pdf#
A Species Action Plan for the Osprey of Monroe County (Pandion haliaetus) ,2/27/2018,FL Fish and Wildlife Conservation Commission,http://myfwc.com/media/2720115/Osprey-Species-Action-Plan-Final-Draft.pdf#
A Species Action Plan for the Pillar Coral (Dendrogyra cylindrus),2/27/2018,FL Fish and Wildlife Conservation Commission,http://myfwc.com/media/2720118/Pillar-Coral-Species-Action-Plan-Final-Draft.pdf#
A Species Action Plan for the Saltmarsh Topminnow (Fundulus jenkinsi),2/27/2018,FL Fish and Wildlife Conservation Commission,http://myfwc.com/media/2738846/Saltmarsh-Topminnow-Species-Action-Plan-Final-Draft.pdf#
A Species Action Plan for the Sanibel Island Rice Rat (Oryzomys palustris sanibeli),2/27/2018,FL Fish and Wildlife Conservation Commission,http://www.myfwc.com/media/2718861/Sanibel-Island-Rice-Rat-Species-Action-Plan-Final-Draft.pdf#
A Species Action Plan for the White-Crowned Pigeon (Patagioenas leucocephala),2/27/2018,FL Fish and Wildlife Conservation Commission,http://myfwc.com/media/2738292/White-Crowned-Pigeon-Species-Action-Plan-Final-Draft.pdf#
"Species Action Plan for Four Saltmarsh Songbirds: Scott’s Seaside Sparrow (Ammodramus maritimus peninsulae), Wakulla Seaside Sparrow (Ammodramus maritimus juncicola), Marian’s Marsh Wren (Cistothorus palustris marianae), Worthington’s Marsh Wren (Cistothorus palustris griseus)",2/27/2018,FL Fish and Wildlife Conservation Commission,http://myfwc.com/media/2738837/Saltmarsh-Songbird-Species-Action-Plan-Final-Draft.pdf#
"Species Action Plan for Six Imperiled Wading Birds: Little Blue Heron (Egretta caerulea), Reddish Egret (Egretta rufescens), Roseate Spoonbill (Platalea ajaja), Snowy Egret (Egretta thula), Tricolored Heron (Egretta tricolor), White Ibis (Eudocimus albus) 
",2/27/2018,FL Fish and Wildlife Conservation Commission,http://myfwc.com/media/2738289/Wading-Birds-Species-Action-Plan-Final-Draft.pdf#
A Conceptual Management Plan for Box-R Wildlife Management Area,2/27/2018,FL Fish and Wildlife Conservation Commission,http://myfwc.com/media/132228/CMP_Box-R_2006-2016.pdf#
A Management Plan for Apalachicola River Wildlife and Environmental Area,2/27/2018,FL Fish and Wildlife Conservation Commission,http://myfwc.com/media/3008708/cmp-apalachicola-river-2014-2024.pdf#
A Management Plan for Big Bend Wildlife Management Area,2/27/2018,FL Fish and Wildlife Conservation Commission,http://myfwc.com/media/4112985/BBWMA-ManagementPlan-2016-26.pdf#
A Management Plan for Chassahowitzka Wildlife Management Area,2/27/2018,FL Fish and Wildlife Conservation Commission,http://myfwc.com/media/3009646/cmp-chassahowitzka-wma-2014-2024.pdf#
A Management Plan for Fred C. Babcock - Cecil M. Webb Wildlife Management Area,2/27/2018,FL Fish and Wildlife Conservation Commission,http://myfwc.com/media/3032072/CMP-Babcock-Webb.pdf#
A Management Plan for the Escribano Point Wildlife Management Area,2/27/2018,FL Fish and Wildlife Conservation Commission,http://myfwc.com/media/3053003/CMP-EscribanoPoint-2015-2025.pdf#
"Florida Keys Wildlife and Environmental Area DRAFT Management Plan 2015 - 2025 Management Intent, Goals and Objectives, Challenges and Strategies",2/27/2018,FL Fish and Wildlife Conservation Commission,http://myfwc.com/media/2974898/KeysWEADraft.pdf#
"A Guide to Climate Change Adaptation for Conservation: Resources and Tools for Climate Smart Management of Florida’s Fish and Wildlife Species and Their Habitats: Version 1
",2/27/2018,FL Fish and Wildlife Conservation Commission,http://myfwc.com/media/3794360/adaptation-guide.pdf#
Florida Fish and Wildlife Conservation Commission Agency Strategic Plan,2/27/2018,FL Fish and Wildlife Conservation Commission,http://strategicplan.myfwc.com/fwc-stratplan.pdf#
Florida Manatee Management Plan (Trichechus manatus latirostris),2/27/2018,FL Fish and Wildlife Conservation Commission,http://myfwc.com/media/214332/Manatee_Mgmt_Plan.pdf#
Florida's Imperiled Species Management Plan 2016-2026,2/27/2018,FL Fish and Wildlife Conservation Commission,http://myfwc.com/media/4133167/floridas-imperiled-species-management-plan-2016-2026.pdf#
Seagrass Integrated Mapping and Monitoring Program Mapping and Monitoring Report No. 2 ,2/27/2018,FL Fish and Wildlife Conservation Commission,http://f50006a.eos-intl.net/ELIBSQL12_F50006A_Documents/SIMM Report 2_Final_040317-crop for printing.pdf#
State of Florida Artificial Reef Strategic Plan,2/27/2018,FL Fish and Wildlife Conservation Commission,http://myfwc.com/media/131588/FLARStrategicPlan2.pdf#
Waterfowl Management Strategic Plan,2/27/2018,FL Fish and Wildlife Conservation Commission,http://myfwc.com/media/3073237/waterfowl-strategic-plan.pdf#
Critical Lands and Waters Identification Project (CLIP) v. 4.0,2/27/2018,FL Fish and Wildlife Conservation Commission,http://www.fnai.org/pdf/CLIP_v4_technical_report.pdf#
DRAFT Ten-Year Land Management Plan for the Point Washington State Forest,2/27/2018,FL Fish and Wildlife Conservation Commission,http://www.waltonoutdoors.com/wp-content/uploads/2016/03/Point_Washington_State_Forest_LMP_Draft_02-22-2016.pdf#
"Ten-Year Resource Management Plan for The Tate's Hell State Forest, Franklin and Liberty Counties",2/27/2018,FL Fish and Wildlife Conservation Commission,https://www.freshfromflorida.com/content/download/4904/31197/THSF FINAL 2007 PLAN.pdf#
"Ten-Year Resource Management Plan for the Withlacoochee State Forest, Citrus, Hernando, Lake, Pasco, and Sumter Counties",2/27/2018,FL Fish and Wildlife Conservation Commission,http://www.freshfromflorida.com/content/download/59644/1182419/WSF_2015_RMP_10_Year.pdf#
Agriculture and Resource Conservation Assessment,2/27/2018,FL Fish and Wildlife Conservation Commission,http://www.freshfromflorida.com/content/download/26182/502568/RFLPP_assessment.pdf#
"Florida Restore Act Centers of Excellence Program, 2016-2018 Program Strategy",2/27/2018,FL Fish and Wildlife Conservation Commission,http://www.fio.usf.edu/about-us/documents/category/47-flracep-docs#
Comprehensive Plan Update 2016 Restoring the Gulf Coast’s Ecosystem and Economy,2/27/2018,FL Fish and Wildlife Conservation Commission,https://www.restorethegulf.gov/sites/default/files/CO-PL_20161208_CompPlanUpdate_English.pdf#
Gulf of Mexico Regional Ecosystem Restoration Strategy,2/27/2018,FL Fish and Wildlife Conservation Commission,http://www.gulfofmexicoalliance.org/pdfs/GulfCoastReport_Full_12-04_508-1_final.pdf#
A Comprehensive Summary of the Shrimp Fishery of the Gulf of Mexico United States: A Regional Management Plan,2/27/2018,FL Fish and Wildlife Conservation Commission,http://www.gsmfc.org/publications/Technical Report Series No. 2 Part 2.pdf#
Gulf Coastal Plains and Ozarks Landscape Conservation Cooperative Development and Operations Plan,2/27/2018,FL Fish and Wildlife Conservation Commission,https://www.fws.gov/science/SHC/pdf/GulfCoastalPlainsOzarks.pdf#
Governors' Action Plan III For Healthy and Resilient Coasts,2/27/2018,FL Fish and Wildlife Conservation Commission,http://www.gulfofmexicoalliance.org/documents/APIII.pdf#
Coastal Pelagic Species Fisheries Management Plan,2/27/2018,FL Fish and Wildlife Conservation Commission,http://archive.gulfcouncil.org/fishery_management_plans/migratory_pelagics_management.php#
Environmental Impact Statement and Fishery Management Plan for the Reef Fish Resources of the Gulf of Mexico,2/27/2018,FL Fish and Wildlife Conservation Commission,http://archive.gulfcouncil.org/fishery_management_plans/reef_fish_management.php#
Fishery Management Plan Final Environmental Impact Statement for Coral and Coral Reefs ,2/27/2018,FL Fish and Wildlife Conservation Commission,http://archive.gulfcouncil.org/fishery_management_plans/coral_management.php#
"Fishery Management Plan for the Shrimp Fishery of the Gulf of Mexico, United States Waters",2/27/2018,FL Fish and Wildlife Conservation Commission,http://archive.gulfcouncil.org/fishery_management_plans/shrimp_management.php#
"Fishery Management Plan, Environmental Impact Statement, and Regulatory Impact Review for Spiny Lobster in the Gulf of Mexico and South Atlantic",2/27/2018,FL Fish and Wildlife Conservation Commission,http://archive.gulfcouncil.org/fishery_management_plans/spiny_lobster_management.php#
"Final Amendment 27 To The Reef Fish Fishery Management Plan And Amendment 14 To The Shrimp Fishery Management Plan (Including Supplemental Environmental Impact Statement, Regulatory Impact Review, And Regulatory  Flexibility Act Analysis) ",2/27/2018,FL Fish and Wildlife Conservation Commission,http://gulfcouncil.org/Beta/GMFMCWeb/downloads/Final RF Amend 27- Shrimp Amend 14.pdf#
"Fishery Management Plan for Regulating Offshore Marine Aquaculture in the Gulf of Mexico (Including a Programmatic Environmental Impact Statement, Regulatory Flexibility Analysis and Regulatory Impact Review) ",2/27/2018,FL Fish and Wildlife Conservation Commission,http://archive.gulfcouncil.org/fishery_management_plans/aquaculture_management.php#
Striped Bass Fishery Management Plan Amendment 1,2/27/2018,FL Fish and Wildlife Conservation Commission,http://www.gsmfc.org/publications/GSMFC Number 026.pdf#
"The Black Drum Fishery of the Gulf of Mexico, United States: A Regional Management Plan",2/27/2018,FL Fish and Wildlife Conservation Commission,http://www.gsmfc.org/publications/GSMFC Number 028.pdf#
"The Blue Crab Fishery of the Gulf of Mexico, United States: A Regional Management Plan",2/27/2018,FL Fish and Wildlife Conservation Commission,http://www.gsmfc.org/publications/GSMFC Number 096.pdf#
"The Flounder Fishery of the Gulf of Mexico, United States: A Regional Management Plan ",2/27/2018,FL Fish and Wildlife Conservation Commission,http://www.gsmfc.org/publications/GSMFC Number 083.pdf#
"The Gulf Menhaden Fishery of the Gulf of Mexico: A Regional Management Plan, 2015 Revision ",2/27/2018,FL Fish and Wildlife Conservation Commission,http://www.gsmfc.org/publications/GSMFC Number 240.pdf#
"The Oyster Fishery of the Gulf of Mexico, United States: A Regional Management Plan, 2012 Revision ",2/27/2018,FL Fish and Wildlife Conservation Commission,http://www.gsmfc.org/publications/GSMFC Number 202.pdf#
"The Striped Bass Fishery of the Gulf of Mexico, United States: A Regional Management Plan 2006 Revision ",2/27/2018,FL Fish and Wildlife Conservation Commission,http://www.gsmfc.org/publications/GSMFC Number 137.pdf#
"The Striped Mullet Fishery of the Gulf of Mexico, United States: A Regional Management Plan ",2/27/2018,FL Fish and Wildlife Conservation Commission,http://www.gsmfc.org/publications/GSMFC Number 033.pdf#
Oil Pollution Research and Technology Plan,2/27/2018,FL Fish and Wildlife Conservation Commission,http://www.uscg.mil/iccopr/files/Approved 2015 ICCOPR R&T Plan.pdf#
Assessing the Long-term Effects of the BP Deepwater Horizon Oil Spill on Marine Mammals in the Gulf of Mexico: A Statement of Research Needs,2/27/2018,FL Fish and Wildlife Conservation Commission,http://www.uscg.mil/iccopr/files/MMC_longterm_effects_bp_oilspil_2011.pdf#
Monroe County Canal Management Master Plan (CMMP),2/27/2018,FL Fish and Wildlife Conservation Commission,http://fl-monroecounty.civicplus.com/DocumentCenter/View/6301#
Restoring the Gulf for Coastal Waterbirds: A Long-Term Vision,2/27/2018,FL Fish and Wildlife Conservation Commission,http://fl.audubon.org/sites/default/files/documents/restoring_the_gulf_for_coastal_waterbirds_nov12lr.pdf#
Florida Beach-nesting Bird Plan,2/27/2018,FL Fish and Wildlife Conservation Commission,http://www.flshorebirdalliance.org/media/55868/Florida_beach_nesting_bird_plan_FINAL.pdf#
Business Plan for the Conservation of the American Oystercatcher: A 10-Year Plan to Secure a Coastal Keystone Species,2/27/2018,FL Fish and Wildlife Conservation Commission,https://www.manomet.org/sites/default/files/publications_and_tools/NFWF_AMOY_BusinessPlan.pdf#
National Fish Habitat Action Plan 2nd Edition,2/27/2018,FL Fish and Wildlife Conservation Commission,http://www.fishhabitat.org/files/uploads/National_Fish_Habitat_Action_Plan_2012.pdf#
Final Secretarial Fishery Management Plan Regulatory Impact Review Regulatory Flexibility Analysis for the Red Drum Fishery of the Gulf of Mexico,2/27/2018,FL Fish and Wildlife Conservation Commission,http://archive.gulfcouncil.org/fishery_management_plans/red_drum_management.php#
Florida Keys National Marine Sanctuary Revised Management Plan,2/27/2018,FL Fish and Wildlife Conservation Commission,http://floridakeys.noaa.gov/mgmtplans/2007_man_plan.pdf#
International Marine Mammal Action Plan,2/27/2018,FL Fish and Wildlife Conservation Commission,http://www.nmfs.noaa.gov/ia/species/marine_mammals/immap.pdf#
NOAA Fisheries Southeast Regional Office: Strategic Plan,2/27/2018,FL Fish and Wildlife Conservation Commission,http://sero.nmfs.noaa.gov/documents/main_articles/pdfs/final_strategic_plan_october_2015.pdf#
Big Cypress National Preserve 2010 Business Plan,2/27/2018,FL Fish and Wildlife Conservation Commission,http://www.nps.gov/bicy/learn/management/upload/BICY-businessplan-lores.pdf#
Everglades National Park Update to Florida Keys National Marine Sanctuary – Sanctuary Advisory Council  -Final General Management Plan / East Everglades Wilderness Study / Environmental Impact Statement,2/27/2018,FL Fish and Wildlife Conservation Commission,https://www.nps.gov/ever/learn/management/ever-general-management-plan.htm#
"Florida Bay, Everglades National Park: Draft Seagrass Habitat Restoration Management Plan",2/27/2018,FL Fish and Wildlife Conservation Commission,http://www.nps.gov/ever/learn/management/upload/Final_Draft_FloridaBay_SHRMP_Chapter1_v2-1-3.pdf#
Gulf Islands National Seashore General Management Plan / Environmental Impact Statement,2/27/2018,FL Fish and Wildlife Conservation Commission,https://www.nps.gov/guis/learn/management/upload/Gulf-Islands-GMP-EIS-JULY-2014.pdf#
Implementing the Dry Tortugas National Park Research Natural Area Science Plan The 5-Year Report,2/27/2018,FL Fish and Wildlife Conservation Commission,http://www.nps.gov/ever/learn/nature/upload/drtorna5yrfinalcomplete04092012lores.pdf#
Five Years & Counting - Gulf Wildlife in the Aftermath of the Deepwater Horizon Disaster,2/27/2018,FL Fish and Wildlife Conservation Commission,http://www.nwf.org/~/media/PDFs/water/2015/Gulf-Wildlife-In-the-Aftermath-of-the-Deepwater-Horizon-Disaster_Five-Years-and-Counting.pdf#
"Making the Most of Restoration, Priorities for a Recovering Gulf",2/27/2018,FL Fish and Wildlife Conservation Commission,http://gulfrestoration.nwf.org/#
Restoring the Gulf of Mexico for People and Wildlife: Recommended Projects and Priorities ,2/27/2018,FL Fish and Wildlife Conservation Commission,https://www.nwf.org/~/media/PDFs/Water/2014/NWF_Embargo_Dec-9_11am_CT_Restoring-the-Gulf-Projects-and-Priorities.pdf#
North Central Florida Comprehensive Economic Development Strategy,2/27/2018,FL Fish and Wildlife Conservation Commission,http://ncfrpc.org/Publications/CEDS/NCFRPC_CEDS_2013-2017.pdf#
"2012 Regional Water Supply Plan Update for Santa Rosa, Okaloosa, and Walton Counties Water Supply Planning Region II
",2/27/2018,FL Fish and Wildlife Conservation Commission,http://www.nwfwater.com/content/download/6632/48017/Region_II_RWSP_2012_Update_Final.compressed.pdf#
2013 Water Supply Assessment Update,2/27/2018,FL Fish and Wildlife Conservation Commission,http://www.nwfwater.com/content/download/7184/53721/WSA2013_Final_Compressed.pdf#
"2014 Regional Water Supply Plan Update Region III Bay Cty., Florida",2/27/2018,FL Fish and Wildlife Conservation Commission,http://www.nwfwater.com/content/download/7034/52171/Region-III-RWSP-Update-2014-new-TOC.pdf#
Consolidated Annual Report,2/27/2018,FL Fish and Wildlife Conservation Commission,http://www.nwfwater.com/content/download/7169/53566/CAR2014.pdf#
Minimum Flows and Levels Priority List,2/27/2018,FL Fish and Wildlife Conservation Commission,http://www.nwfwater.com/Water-Resources/Minimum-Flows-Levels#
Strategic Water Management Plan 2014-2015,2/27/2018,FL Fish and Wildlife Conservation Commission,http://www.nwfwater.com/content/download/7937/64183/NWFWMD_2014-2015_Strategic_Water_Management_Plan.pdf#
Tate’s Hell State Forest Hydrologic Restoration Plan,2/27/2018,FL Fish and Wildlife Conservation Commission,http://www.nwfwmdwetlands.com/Tates-Hell#
Partners in Flight Landbird Conservation Plan 2016 Plan Revision for Canada and Continental United States,2/27/2018,FL Fish and Wildlife Conservation Commission,http://www.partnersinflight.org/wp-content/uploads/2016/08/pif-continental-plan-final-spread-single.pdf#
A Land Conservation Vision for the Gulf of Mexico Region: An Overview,2/27/2018,FL Fish and Wildlife Conservation Commission,https://gulfpartnership.org/images/uploads/files/Conservation_Vision_Publication_Final_10-14-14.pdf#
Sarasota Bay: The Voyage to Paradise Reclaimed - The Comprehensive Conservation and Management Plan for Sarasota Bay,2/27/2018,FL Fish and Wildlife Conservation Commission,https://www.epa.gov/sites/production/files/2015-09/documents/ccmp.stateofthebay-for-website-august2014.pdf#
Gulf of Mexico Research Plan,2/27/2018,FL Fish and Wildlife Conservation Commission,http://seagrant.noaa.gov/Portals/0/Documents/what_we_do/regional_innitiatives/plans/Gulf of Mexico.pdf#
America’s Gulf Coast: A Long Term Recovery Plan After the Deepwater Horizon Spill,2/27/2018,FL Fish and Wildlife Conservation Commission,https://www.restorethegulf.gov/sites/default/files/documents/pdf/gulf-recovery-sep-2010.pdf#
South Atlantic Conservation Blueprint 2.1,2/27/2018,FL Fish and Wildlife Conservation Commission,http://www.southatlanticlcc.org/blueprint/#
State of the South Atlantic 2015: Understanding our Living Landscapes,2/27/2018,FL Fish and Wildlife Conservation Commission,https://lccnetwork.org/sites/default/files/Resources/StateOfTheSouthAtlantic2015_web.pdf#
South Florida Comprehensive Economic Development Strategy 2012-2017,2/27/2018,FL Fish and Wildlife Conservation Commission,http://www.sfrpc.com/CEDS/SouthFloridaCEDS2012-17.pdf#
2017 Priority Water Body List and Schedule,2/27/2018,FL Fish and Wildlife Conservation Commission,https://www.sfwmd.gov/sites/default/files/documents/2017_mfl_priority_water_body_list_and_schedule.pdf#
2017 South Florida Environmental Report,2/27/2018,FL Fish and Wildlife Conservation Commission,https://www.sfwmd.gov/science-data/sfer#
Lower East Coast Water Supply Plan Update,2/27/2018,FL Fish and Wildlife Conservation Commission,https://www.sfwmd.gov/sites/default/files/documents/2013_lec_plan.pdf#
Lower West Coast Water Supply Plan Amendment,2/27/2018,FL Fish and Wildlife Conservation Commission,http://my.sfwmd.gov/portal/page/portal/ver-STAGE/xrepository/sfwmd_repository_pdf/2014-023-dao-ws_2014_wrca_amendment_2012_lwc_wsp.pdf#
Lower West Coast Water Supply Plan Update Appendices,2/27/2018,FL Fish and Wildlife Conservation Commission,https://www.sfwmd.gov/sites/default/files/documents/lwc_appendices_2012.pdf#
Strategic Plan 2009-2019,2/27/2018,FL Fish and Wildlife Conservation Commission,https://www.sfwmd.gov/sites/default/files/documents/strategic_plan_2009.pdf#
Strategic Plan 2012-2017,2/27/2018,FL Fish and Wildlife Conservation Commission,https://www.sfwmd.gov/sites/default/files/documents/2012_strategic_plan.pdf#
Support Document: Water Supply Plan Update Reference Document 2016,2/27/2018,FL Fish and Wildlife Conservation Commission,https://www.sfwmd.gov/sites/default/files/documents/2016_water_supply_plan_support.pdf#
The Strategic Science Plan for Florida Bay,2/27/2018,FL Fish and Wildlife Conservation Commission,https://evergladesrestoration.gov/content/tf/minutes/2004_meetings/1dec04tfmtg/PMC_SSP_FB_Final_Nov07_2004_HQ.pdf#
Caloosahatchee River Watershed Protection Plan,2/27/2018,FL Fish and Wildlife Conservation Commission,https://www.sfwmd.gov/sites/default/files/documents/ne_crwpp_main_123108.pdf#
Caloosahatchee River Watershed Protection Plan Update,2/27/2018,FL Fish and Wildlife Conservation Commission,https://www.sfwmd.gov/sites/default/files/documents/crwpp_2012update_sfer_voli_app10_2.pdf#
Southeast Aquatic Habitat Plan,2/27/2018,FL Fish and Wildlife Conservation Commission,http://southeastaquatics.net/resources/pdfs/SAHP08.pdf#
"2011-2015 Management Plan: Collection, Management, and Dissemination of Fishery-Independent Data from waters of the Southeastern United States - Caribbean, Gulf of Mexico and South Atlantic Regions",2/27/2018,FL Fish and Wildlife Conservation Commission,http://www.gsmfc.org/publications/SEAMAP/2011-2015_SEAMAP_Management_Plan_Web.pdf#
Southwest Florida Comprehensive Economic Development Strategy,2/27/2018,FL Fish and Wildlife Conservation Commission,http://www.nado.org/wp-content/uploads/2014/08/FL-Southwest-Florida-Regional-Planning-Council-2012-2017.pdf#
2015 FDOT Mitigation Plan,2/27/2018,FL Fish and Wildlife Conservation Commission,https://www.swfwmd.state.fl.us/files/database/site_file_sets/1389/2015_FDOT_Mitigation_Plan.pdf#
2015 Five-Year Water Resource Development Work Program,2/27/2018,FL Fish and Wildlife Conservation Commission,https://www.swfwmd.state.fl.us/files/database/site_file_sets/2061/FY2015_WRD_DRAFT.pdf#
2015 Minimum Flows and Levels (MFLs) Priority List and Schedule and Reservations List and Schedule,2/27/2018,FL Fish and Wildlife Conservation Commission,https://www.swfwmd.state.fl.us/projects/mfl/reports/GovBoardApproved_2015-MFL-Priority-List-Schedule.pdf#
2015 Regional Water Supply Plan Executive Summary,2/27/2018,FL Fish and Wildlife Conservation Commission,https://www.swfwmd.state.fl.us/files/database/site_file_sets/2675/2015_RWSP_ES_GB_APPROVED_121415.pdf#
2015 Regional Water Supply Plan Northern Planning Region,2/27/2018,FL Fish and Wildlife Conservation Commission,https://www.swfwmd.state.fl.us/files/database/site_file_sets/2675/2015_RWSP_NPR_GB_APPROVED_121415.pdf#
2015 Regional Water Supply Plan Southern Planning Region,2/27/2018,FL Fish and Wildlife Conservation Commission,http://www.swfwmd.state.fl.us/files/database/site_file_sets/2675/2015_RWSP_SPR_GB_APPROVED_121415.pdf#
2015 Regional Water Supply Plan Tampa Bay Planning Region,2/27/2018,FL Fish and Wildlife Conservation Commission,http://www.swfwmd.state.fl.us/documents/plans/RWSP/2015/#
Consolidated Annual Report,2/27/2018,FL Fish and Wildlife Conservation Commission,https://www.swfwmd.state.fl.us/files/database/calendar/Final_CAR_-_Web.pdf#
Florida Forever Work Plan Annual Update 2017,2/27/2018,FL Fish and Wildlife Conservation Commission,http://apps.sfwmd.gov/sfwmd/SFER/2017_sfer_final/v2/chapters/v2_ch6a.pdf#
Southern Water Use Caution Area Recovery Strategy Five-Year Assessment for FY2007-2011,2/27/2018,FL Fish and Wildlife Conservation Commission,https://www.swfwmd.state.fl.us/documents/plans/SWUCA_Assessment.pdf#
Strategic Plan 2015–2019 (updated October 2016),2/27/2018,FL Fish and Wildlife Conservation Commission,https://www.swfwmd.state.fl.us/about/strategic-plan/assets/StrategicPlan.pdf#
"St. Andrew Stormwater Management Plan - Collection, Organization, Options, and Prioritization (COOP) Project",2/27/2018,FL Fish and Wildlife Conservation Commission,http://www.baybest.org/friends-of-st-andrews-bay-publications/#
Everglades Multi-Species Avian Ecology and Restoration Review: Summary of Findings and Recommendations,2/27/2018,FL Fish and Wildlife Conservation Commission,http://www.resolv.org/site-collaborativescience/files/2013/02/Everglades-Avian-Ecology.pdf#
Aucilla River System Surface Water Improvement and Management Plan,2/27/2018,FL Fish and Wildlife Conservation Commission,http://www.srwmd.state.fl.us/DocumentCenter/View/11432#
Coastal Rivers Basin Surface Water Improvement and Management (SWIM) Plan,2/27/2018,FL Fish and Wildlife Conservation Commission,http://www.mysuwanneeriver.com/DocumentCenter/View/12025#
"Waccasassa River Watershed Management Plan, Surface Water Improvement and Management Program",2/27/2018,FL Fish and Wildlife Conservation Commission,http://www.mysuwanneeriver.com/DocumentCenter/View/11436#
Consolidated Annual Report,2/27/2018,FL Fish and Wildlife Conservation Commission,http://fl-suwanneeriver.civicplus.com/DocumentCenter/Home/View/10685#
Florida Forever Work Plan 2015 Annual Update,2/27/2018,FL Fish and Wildlife Conservation Commission,http://www.srwmd.state.fl.us/DocumentCenter/Home/View/10659#
SRWMD 2016-2018 MFL Priority List,2/27/2018,FL Fish and Wildlife Conservation Commission,http://fl-suwanneeriver.civicplus.com/DocumentCenter/Home/View/87#
Strategic Plan 2016-2020,2/27/2018,FL Fish and Wildlife Conservation Commission,http://fl-suwanneeriver.civicplus.com/DocumentCenter/Home/View/381#
Water Supply Assessment,2/27/2018,FL Fish and Wildlife Conservation Commission,http://www.srwmd.state.fl.us/DocumentCenter/Home/View/1759#
Charting the Course - Tampa Bay,2/27/2018,FL Fish and Wildlife Conservation Commission,http://www.tbep.org/about_the_tampa_bay_estuary_program-charting_the_course_management_plan-download_charting_the_course.html#
Southwest Florida Regional Ecosystem Restoration Plan: Joint Florida Gulf National Estuary Programs,2/27/2018,FL Fish and Wildlife Conservation Commission,http://www.longboatkey.org/docview.aspx?doctype=fd&docid=35329#
Tampa Bay Comprehensive Economic Development Strategy,2/27/2018,FL Fish and Wildlife Conservation Commission,http://www.tbrpc.org/edd/pdfs/TampaBayCEDS_2012.pdf#
Apalachicola-St. Marks Community-Based Watershed Plan,2/27/2018,FL Fish and Wildlife Conservation Commission,https://www.nature.org/ourinitiatives/regions/northamerica/unitedstates/florida/fl-community-watershed-apalachicolastmarks.pdf#
Choctawhatchee Bay Community-Based Watershed Plan,2/27/2018,FL Fish and Wildlife Conservation Commission,https://www.nature.org/ourinitiatives/regions/northamerica/unitedstates/florida/fl-community-watershed-choctawhatcheebay.pdf#
Pensacola Bay Community-Based Watershed Plan,2/27/2018,FL Fish and Wildlife Conservation Commission,http://myescambia.com/sites/myescambia.com/files/pages/2013/Mar/RESTORE Advisory Committee/Pensacola_FINAL.PDF#
Perdido Bay Community-Based Watershed Plan,2/27/2018,FL Fish and Wildlife Conservation Commission,http://myescambia.com/sites/myescambia.com/files/pages/2013/Mar/RESTORE Advisory Committee/PerdidoFINAL.PDF#
Springs Coast Community-Based Watershed Plan,2/27/2018,FL Fish and Wildlife Conservation Commission,https://www.nature.org/ourinitiatives/regions/northamerica/unitedstates/florida/fl-community-watershed-springscoast.pdf#
St. Andrew/St. Joe Bays Community-Based Watershed Plan,2/27/2018,FL Fish and Wildlife Conservation Commission,https://www.nature.org/ourinitiatives/regions/northamerica/unitedstates/florida/fl-community-watershed-standrewbaystjoebay-1.pdf#
Charting Restoration: Gulf Restoration Priorities and Funded Projects Five Years After Deepwater Horizon,2/27/2018,FL Fish and Wildlife Conservation Commission,http://www.nature.org/media/gulfofmexico/charting-gulf-restoration-report.pdf#
Our Future Gulf Recommendation for Restoration in the Gulf of Mexico,2/27/2018,FL Fish and Wildlife Conservation Commission,https://www.nature.org/ourinitiatives/regions/northamerica/areas/gulfofmexico/restoration/our-future-gulf.pdf#
Charting the Gulf: Analyzing the Gaps in Long-term Monitoring of the Gulf of Mexico,2/27/2018,FL Fish and Wildlife Conservation Commission,https://oceanconservancy.org/wp-content/uploads/2017/05/Charting-the-Gulf.pdf#
Bay-Walton Sector Plan Application to Bay County Florida for Long Term Master Plan,2/27/2018,FL Fish and Wildlife Conservation Commission,http://new.co.bay.fl.us/uploads/documents/1155/file/BayWaltonSectorPlanReducedSummaryPages.pdf#
Florida Keys Water Quality Improvements Program - Program Management Plan (Final),2/27/2018,FL Fish and Wildlife Conservation Commission,http://www.monroecounty-fl.gov/DocumentCenter/View/5316#
Comprehensive Everglades Restoration Plan (CERP),2/27/2018,FL Fish and Wildlife Conservation Commission,http://141.232.10.32/docs/comp_plan_apr99/the-plan-complete_web.pdf#
Comprehensive Everglades Restoration Plan (CERP) Central and Southern Florida Project 2010 Report to Congress,2/27/2018,FL Fish and Wildlife Conservation Commission,http://www.nrc.gov/docs/ML1219/ML12193A277.pdf#
"Sector Mobile Area Contingency Plan: Alabama, Mississippi, Northwest Florida",2/27/2018,FL Fish and Wildlife Conservation Commission,http://www.glo.texas.gov/ost/acp/mobile/sectormobileacp.pdf#
Gulf of Mexico Initative Restoration Strategy,2/27/2018,FL Fish and Wildlife Conservation Commission,https://www.nrcs.usda.gov/wps/portal/nrcs/detailfull/national/home/?cid=stelprdb1046039#
"Integrated Natural Resource Management Plan 2010-2014 MacDill Air Force Base, Florida",2/27/2018,FL Fish and Wildlife Conservation Commission,na
Integrated Natural Resource Management Plan Eglin Air Force Base,2/27/2018,FL Fish and Wildlife Conservation Commission,na
Integrated Natural Resources Management Plan - Tyndall Air Force Base,2/27/2018,FL Fish and Wildlife Conservation Commission,http://www.tyndall.af.mil/Portals/107/documents/AFD-150126-025.pdf?ver=2016-02-17-113721-847#
Environmental Quality of the Pensacola Bay System: A Retrospective Review for Future Resource Management and Rehabilitation,2/27/2018,FL Fish and Wildlife Conservation Commission,https://nepis.epa.gov/Exe/ZyPDF.cgi/P100PHBM.PDF?Dockey=P100PHBM.PDF#
" Comprehensive Conservation Plan and Environmental Assessment Pine Island, Matlacha Pass, Island Bay, and Caloosahatchee National Wildlife Refuges - Charlotte and Lee Counties, Florida",2/27/2018,FL Fish and Wildlife Conservation Commission,http://www.fws.gov/uploadedFiles/Region_4/NWRS/Zone_2/JN_Ding_Darling_Complex/JN_Ding_Darling/Ding Darling Satellite Refuges Draft CCP.pdf#
Chassahowitzka National Wildlife Refuge Comprehensive Conservation Plan,2/27/2018,FL Fish and Wildlife Conservation Commission,http://www.fws.gov/southeast/planning/PDFdocuments/ChassFinalCCP/ChassFinalCCPsigsCoveredForWeb.pdf#
Florida Panther National Wildlife Refuge Comprehensive Conservation Plan,2/27/2018,FL Fish and Wildlife Conservation Commission,http://www.fws.gov/uploadedFiles/FL Panther CCP 2000 final (link in CCP page).pdf#
J.N. “Ding” Darling National Wildlife Refuge Comprehensive Conservation Plan,2/27/2018,FL Fish and Wildlife Conservation Commission,https://catalog.data.gov/dataset/j-n-ding-darling-national-wildlife-refuge-comprehensive-conservation-plan#
Lower Florida Keys National Wildlife Refuges Comprehensive Conservation Plan,2/27/2018,FL Fish and Wildlife Conservation Commission,http://www.fws.gov/southeast/planning/PDFdocuments/Florida Keys FINAL/TheKeysFinalCCPFormatted.pdf#
Lower Suwannee & Cedar Keys National Wildlife Refuges Comprehensive Conservation Plans 2001,2/27/2018,FL Fish and Wildlife Conservation Commission,https://ecos.fws.gov/ServCat/Reference/Profile/1402#
St. Marks National Wildlife Refuge: Comprehensive Conservation Plan,2/27/2018,FL Fish and Wildlife Conservation Commission,https://ecos.fws.gov/ServCat/Reference/Profile/1495#
St. Vincent National Wildlife Refuge Comprehensive Conservation Plan,2/27/2018,FL Fish and Wildlife Conservation Commission,http://www.fws.gov/southeast/planning/PDFdocuments/St Vincent Final CCP/Web St Vincent CCP.pdf#
Ten Thousand Islands National Wildlife Refuge Comprehensive Conservation Plan,2/27/2018,FL Fish and Wildlife Conservation Commission,https://ecos.fws.gov/ServCat/Reference/Profile/1488#
"Choctawhatchee Beach Mouse, Perdido Key Beach Mouse, and Alabama Beach Mouse Recovery Plan",2/27/2018,FL Fish and Wildlife Conservation Commission,https://ntrl.ntis.gov/NTRL/dashboard/searchResults/titleDetail/PB2006113919.xhtml#
"Florida Manatee Recovery Plan (Trichechus manatus latirostris), Third Revision",2/27/2018,FL Fish and Wildlife Conservation Commission,https://www.fws.gov/northflorida/Manatee/Recovery Plan/2001_FWS_Florida_Manatee_Recovery_Plan.pdf#
Gulf Sturgeon Recovery/Management Plan,2/27/2018,FL Fish and Wildlife Conservation Commission,http://www.nmfs.noaa.gov/pr/pdfs/recovery/sturgeon_gulf.pdf#
Perdido Key Beach Mouse (Peromyscus polionotus trissyllepsis): 5-Year Review Summary and Evaluation,2/27/2018,FL Fish and Wildlife Conservation Commission,https://www.fws.gov/panamacity/resources/PKBM_5_YearReviewFINAL.pdf#
Recovery Plan Caribbean Roseate Tern (Sterna dougallii),2/27/2018,FL Fish and Wildlife Conservation Commission,https://ecos.fws.gov/docs/recovery_plan/930924_v2.pdf#
Recovery Plan for the Florida Salt Marsh Vole (Microtus pennsylvanicus dukecampbelli),2/27/2018,FL Fish and Wildlife Conservation Commission,https://ecos.fws.gov/docs/recovery_plan/970930d.pdf#
Revised Recovery Plan for the U.S. Breeding Population of the Wood Stork,2/27/2018,FL Fish and Wildlife Conservation Commission,https://www.fws.gov/northflorida/WoodStorks/Documents/19970127_rpp_Wood-stork-recovery-plan-1997.pdf#
South Florida Multi-Species Recovery Plan and Implementation Update,2/27/2018,FL Fish and Wildlife Conservation Commission,http://www.fws.gov/verobeach/listedspeciesMSRP.html#
St. Andrew Beach Mouse Recovery Plan (Peromyscus polionotus peninsularis) ,2/27/2018,FL Fish and Wildlife Conservation Commission,https://www.fws.gov/panamacity/resources/20101110_SABM_recov_plan_FINAL with signature.pdf#
"Atlantic Flyway Shorebird  Business Strategy: A Call to Action, Phase 1",2/27/2018,FL Fish and Wildlife Conservation Commission,http://www.acjv.org/temp_ftp/shorebird_bus_strat_phase_1.pdf#
Comprehensive Conservation Strategy for the Piping Plover (Charadrius melodus) in its Coastal Migration and Wintering Range in the Continental United States,2/27/2018,FL Fish and Wildlife Conservation Commission,http://www.fws.gov/midwest/endangered/pipingplover/pdf/CCSpiplNoApp2012.pdf#
NAWMP Action Plan - A Companion Document to the 2012 North American Waterfowl Management Plan,2/27/2018,FL Fish and Wildlife Conservation Commission,https://www.fws.gov/migratorybirds/pdf/management/NAWMP/2012NAWMPActionPlan.pdf#
North American Waterfowl Management Plan 2012: People Conserving Waterfowl and Wetlands,2/27/2018,FL Fish and Wildlife Conservation Commission,https://www.fws.gov/migratorybirds/pdf/management/NAWMP/2012NAWMP.pdf#
Peninsular Florida Landscape Conservation Cooperative - Strategic Plan 2014-2018,2/27/2018,FL Fish and Wildlife Conservation Commission,http://api.ning.com/files/OyDgsXHkaUKRDPmbarQqx8rlxPWx5P0xZ0yWPFQQoY9yiyqMjXkIYQbjBLNNglkPOiGACc*xo2dYQuNUCCEQUiYWcExGfv6y/PFLCCstrategicplanfinal_2014.pdf#
"Southeastern Coastal Plains-Caribbean Region Report, U.S. Shorebird Conservation Plan, Revision",2/27/2018,FL Fish and Wildlife Conservation Commission,http://www.shorebirdplan.org/wp-content/uploads/2013/01/SECPCRRev02.pdf#
Status and Trends of Wetlands in the Conterminous United States 2004 to 2009,2/27/2018,FL Fish and Wildlife Conservation Commission,http://www.fws.gov/wetlands/Documents/Status-and-Trends-of-Wetlands-in-the-Conterminous-United-States-2004-to-2009.pdf#
Vision for a Healthy Gulf of Mexico Watershed,2/27/2018,FL Fish and Wildlife Conservation Commission,http://www.fws.gov/gulfrestoration/pdf/VisionDocument.pdf#
Green Sea Turtle (Chelonia mydas) 5-Year Review: Summary and Evaluation,2/27/2018,FL Fish and Wildlife Conservation Commission,http://www.nmfs.noaa.gov/pr/pdfs/species/greenturtle_5yearreview.pdf#
Hawksbill Sea Turtle (Eretmochelys imbricata) 5-Year Review: Summary and Evaluation,2/27/2018,FL Fish and Wildlife Conservation Commission,http://www.nmfs.noaa.gov/pr/pdfs/species/hawksbillseaturtle2013_5yearreview.pdf#
Leatherback Sea Turtle (Dermochelys coriacea) 5-Year Review: Summary and Evaluation,2/27/2018,FL Fish and Wildlife Conservation Commission,http://www.nmfs.noaa.gov/pr/listing/5yearreview_leatherbackturtle.pdf#
"Recovery Plan for Leatherback Turtles (Dermochelys coriacea) in the U.S. Caribbean, Atlantic, and Gulf of Mexico",2/27/2018,FL Fish and Wildlife Conservation Commission,http://www.nmfs.noaa.gov/pr/pdfs/recovery/turtle_leatherback_atlantic.pdf#
"Recovery Plan for the Hawksbill Turtle (Eretmochelys imbricata) in the U.S. Caribbean Sea, Atlantic Ocean, and Gulf of Mexico",2/27/2018,FL Fish and Wildlife Conservation Commission,http://www.nmfs.noaa.gov/pr/pdfs/recovery/turtle_hawksbill_atlantic.pdf#
Recovery Plan for the Northwest Atlantic Population of the Loggerhead Sea Turtle (Caretta caretta) Second Revision,2/27/2018,FL Fish and Wildlife Conservation Commission,http://www.nmfs.noaa.gov/pr/pdfs/recovery/turtle_loggerhead_atlantic.pdf#
Recovery Plan for U.S. Population of Atlantic Green Turtle (Chelonia mydas),2/27/2018,FL Fish and Wildlife Conservation Commission,http://www.nmfs.noaa.gov/pr/pdfs/recovery/turtle_green_atlantic.pdf#
Draft Bi-National Recovery Plan for the Kemp’s Ridley Sea Turtle (Lepidochelys kempii) Second Revision,2/27/2018,FL Fish and Wildlife Conservation Commission,http://www.nmfs.noaa.gov/pr/pdfs/recovery/turtle_kempsridley_draft2.pdf#
"Science Plan in Support of Ecosystem Restoration, Preservation, and Protection in South Florida",2/27/2018,FL Fish and Wildlife Conservation Commission,http://sofia.usgs.gov/publications/reports/doi-science-plan/2005-DOI-Science-Plan-final.pdf#
Southeast United States Regional Waterbird Conservation Plan,2/27/2018,FL Fish and Wildlife Conservation Commission,http://lmvjv.org/library/SE_Waterbird_Plan.pdf#
"Gulf Coast Vulnerability Assessment - Mangrove, Tidal Emergent Marsh, Barrier Islands, and Oyster Reef",2/27/2018,FL Fish and Wildlife Conservation Commission,https://gulfcoastprairielcc.org/media/28948/gcva_11162015_final-2.pdf#
Landscape Conservation and Climate Change Scenarios for the State of Florida - A Decision Support System for Strategic Conservation - Summary for Decision Makers,2/27/2018,FL Fish and Wildlife Conservation Commission,http://climatechange.lta.org/wp-content/uploads/cct/2015/03/FL-LCCclimatechangescenario.pdf#
A Conservation Action Plan For the American Oystercatcher (Haematopus palliatus) for the Atlantic and Gulf Coasts of the United States v. 2.0,2/27/2018,FL Fish and Wildlife Conservation Commission,https://www.fws.gov/migratorybirds/pdf/management/focal-species/AmericanOystercatcher.pdf#
Record of Decision for the Revised Land and Resource Management Plan for National Forests in Florida,2/27/2018,FL Fish and Wildlife Conservation Commission,https://www.fs.usda.gov/detail/florida/landmanagement/planning/?cid=STELPRDB5269794#
Green Links Regional CLIP Database,2/27/2018,FL Fish and Wildlife Conservation Commission,https://www.fws.gov/panamacity/resources/GreenLinksFinalReport.pdf#
"Waterbird Conservation for the Americas: North American Waterbird Conservation Plan, Version 1",2/27/2018,FL Fish and Wildlife Conservation Commission,https://iwjv.org/sites/default/files/nawcp.pdf#
West Florida Comprehensive Economic Development Strategy,2/27/2018,FL Fish and Wildlife Conservation Commission,http://www.wfrpc.org/wp-content/uploads/2014/08/2015_CEDS_final.pdf#
Comprehensive Economic Development Strategy for the Withlacoochee Region,2/27/2018,FL Fish and Wildlife Conservation Commission,http://www.ncfrpc.org/Publications/CEDS/WithlacoocheeComprehensiveEconomicDevelopmentStrategy.pdf#
